Timestamp;Offset;Peer;Received;Source;Payload
2023-04-02 20:49:59.823000;0;P3;HELLO;P1;{"Message": "HELLO", "Peer": "P1"}
2023-04-02 20:50:00.983000;1;P3;HB;P1;{"Message": "HB", "RID": "P1", "HBref": 1680461400874, "HBresp": 1680461400937}
2023-04-02 20:50:02.916000;3;P3;LSA;P1;{"RID": "P1", "Port": 5001, "Neighbours": 2, "Neighbours Data": [{"NID": "P2", "Cost": 100, "Hostname": "127.0.0.1", "RP": "sklep", "FLAG": 0}, {"NID": "P3", "Cost": 100, "Hostname": "127.0.0.1", "RP": "RMK", "FLAG": 0}], "SN": 2, "FLAG": 1, "RP": []}
2023-04-02 20:50:05.898000;6;P3;LOOKUP;P3;{"Message": "LOOKUP", "Destination": "P2", "Source": "P3", "TTL": 4, "ID": 1680461405897, "Route": ["P2"], "Path": ["P3"]}
2023-04-02 20:50:05.899000;6;P3;LOOKUP;P3;{"Message": "LOOKUP", "Destination": "P1", "Source": "P3", "TTL": 4, "ID": 1680461405898, "Route": [], "Path": ["P3"]}
2023-04-02 20:50:05.981000;6;P3;HB;P1;{"Message": "HB", "RID": "P1", "HBref": 1680461405880, "HBresp": 1680461405935}
2023-04-02 20:50:06.858000;7;P3;LSA;P2;{"RID": "P2", "Port": 5002, "Neighbours": 2, "Neighbours Data": [{"NID": "P1", "Cost": 100, "Hostname": "127.0.0.1", "RP": "sklep", "FLAG": 0}, {"NID": "P4", "Cost": 100, "Hostname": "127.0.0.1", "RP": "LupusreginaBeta", "FLAG": 0}], "SN": 2, "FLAG": 1, "RP": []}
2023-04-02 20:50:07.913000;8;P3;HB;P1;{"Message": "HB", "RID": "P1", "HBref": 1680461407868, "HBresp": 0}
2023-04-02 20:50:08.076000;8;P3;HELLO;P4;{"Message": "HELLO", "Peer": "P4"}
2023-04-02 20:50:08.665000;9;P3;HB;P4;{"Message": "HB", "RID": "P4", "HBref": 1680461408606, "HBresp": 0}
2023-04-02 20:50:10.924000;11;P3;LOOKUP;P1;{"Message": "LOOKUP", "Destination": "P3", "Source": "P1", "TTL": 4, "ID": 1680461410878, "Route": [], "Path": ["P1", "P3"]}
2023-04-02 20:50:11;11;P3;HB;P1;{"Message": "HB", "RID": "P1", "HBref": 1680461410887, "HBresp": 1680461410938}
2023-04-02 20:50:11.042000;11;P3;HB;P4;{"Message": "HB", "RID": "P4", "HBref": 1680461410887, "HBresp": 1680461410982}
2023-04-02 20:50:12.922000;13;P3;HB;P1;{"Message": "HB", "RID": "P1", "HBref": 1680461412875, "HBresp": 0}
2023-04-02 20:50:13.678000;14;P3;HB;P4;{"Message": "HB", "RID": "P4", "HBref": 1680461413614, "HBresp": 0}
2023-04-02 20:50:14.910000;15;P3;LOOKUP;P3;{"Message": "LOOKUP", "Destination": "P4", "Source": "P3", "TTL": 4, "ID": 1680461414909, "Route": ["P2", "P4"], "Path": ["P3"]}
2023-04-02 20:50:14.910000;15;P3;LOOKUP;P3;{"Message": "LOOKUP", "Destination": "P1", "Source": "P3", "TTL": 4, "ID": 1680461414909, "Route": [], "Path": ["P3"]}
2023-04-02 20:50:15.999000;16;P3;HB;P1;{"Message": "HB", "RID": "P1", "HBref": 1680461415895, "HBresp": 1680461415953}
2023-04-02 20:50:16.010000;16;P3;HB;P4;{"Message": "HB", "RID": "P4", "HBref": 1680461415895, "HBresp": 1680461415952}
2023-04-02 20:50:17.926000;18;P3;LSA;P1;{"RID": "P1", "Port": 5001, "Neighbours": 2, "Neighbours Data": [{"NID": "P2", "Cost": 100, "Hostname": "127.0.0.1", "RP": "sklep", "FLAG": 0}, {"NID": "P3", "Cost": 100, "Hostname": "127.0.0.1", "RP": "RMK", "FLAG": 0}], "SN": 2, "FLAG": 0, "RP": []}
2023-04-02 20:50:18.003000;18;P3;HB;P1;{"Message": "HB", "RID": "P1", "HBref": 1680461417882, "HBresp": 0}
2023-04-02 20:50:18.670000;19;P3;LSA;P4;{"RID": "P4", "Port": 5004, "Neighbours": 2, "Neighbours Data": [{"NID": "P2", "Cost": 100, "Hostname": "127.0.0.1", "RP": "LupusreginaBeta", "FLAG": 0}, {"NID": "P3", "Cost": 100, "Hostname": "127.0.0.1", "RP": "Vulnerar", "FLAG": 0}], "SN": 2, "FLAG": 1, "RP": []}
2023-04-02 20:50:19.674000;20;P3;HB;P4;{"Message": "HB", "RID": "P4", "HBref": 1680461418620, "HBresp": 0}
2023-04-02 20:50:19.674000;20;P3;LOOKUP;P1;{"Message": "LOOKUP", "Destination": "P3", "Source": "P1", "TTL": 4, "ID": 1680461418887, "Route": [], "Path": ["P1", "P3"]}
2023-04-02 20:50:19.729000;20;P3;LSA;P4;{"RID": "P4", "Port": 5004, "Neighbours": 2, "Neighbours Data": [{"NID": "P2", "Cost": 100, "Hostname": "127.0.0.1", "RP": "LupusreginaBeta", "FLAG": 0}, {"NID": "P3", "Cost": 100, "Hostname": "127.0.0.1", "RP": "Vulnerar", "FLAG": 0}], "SN": 2, "FLAG": 1, "RP": []}
2023-04-02 20:50:19.917000;20;P3;LOOKUP;P3;{"Message": "LOOKUP", "Destination": "P4", "Source": "P3", "TTL": 4, "ID": 1680461419916, "Route": [], "Path": ["P3"]}
2023-04-02 20:50:19.918000;20;P3;LOOKUP;P3;{"Message": "LOOKUP", "Destination": "P1", "Source": "P3", "TTL": 4, "ID": 1680461419917, "Route": [], "Path": ["P3"]}
2023-04-02 20:50:19.919000;20;P3;LOOKUP;P3;{"Message": "LOOKUP", "Destination": "P2", "Source": "P3", "TTL": 4, "ID": 1680461419918, "Route": ["P2"], "Path": ["P3"]}
2023-04-02 20:50:20.697000;21;P3;LOOKUP;P4;{"Message": "LOOKUP", "Destination": "P3", "Source": "P4", "TTL": 4, "ID": 1680461420636, "Route": [], "Path": ["P4", "P3"]}
2023-04-02 20:50:21.003000;21;P3;HB;P1;{"Message": "HB", "RID": "P1", "HBref": 1680461420903, "HBresp": 1680461420955}
2023-04-02 20:50:21.018000;21;P3;HB;P4;{"Message": "HB", "RID": "P4", "HBref": 1680461420903, "HBresp": 1680461420957}
2023-04-02 20:50:22.938000;23;P3;HB;P1;{"Message": "HB", "RID": "P1", "HBref": 1680461422887, "HBresp": 0}
2023-04-02 20:50:23.714000;24;P3;HB;P4;{"Message": "HB", "RID": "P4", "HBref": 1680461423627, "HBresp": 0}
2023-04-02 20:50:25.928000;26;P3;LOOKUP;P3;{"Message": "LOOKUP", "Destination": "P4", "Source": "P3", "TTL": 4, "ID": 1680461425926, "Route": [], "Path": ["P3"]}
2023-04-02 20:50:25.928000;26;P3;LOOKUP;P3;{"Message": "LOOKUP", "Destination": "P1", "Source": "P3", "TTL": 4, "ID": 1680461425927, "Route": [], "Path": ["P3"]}
2023-04-02 20:50:25.928000;26;P3;LOOKUP;P3;{"Message": "LOOKUP", "Destination": "P2", "Source": "P3", "TTL": 4, "ID": 1680461425927, "Route": ["P2"], "Path": ["P3"]}
2023-04-02 20:50:26.045000;26;P3;HB;P1;{"Message": "HB", "RID": "P1", "HBref": 1680461425911, "HBresp": 1680461425999}
2023-04-02 20:50:26.092000;26;P3;HB;P4;{"Message": "HB", "RID": "P4", "HBref": 1680461425911, "HBresp": 1680461426037}
2023-04-02 20:50:27.948000;28;P3;HB;P1;{"Message": "HB", "RID": "P1", "HBref": 1680461427894, "HBresp": 0}
2023-04-02 20:50:28.687000;29;P3;HB;P4;{"Message": "HB", "RID": "P4", "HBref": 1680461428634, "HBresp": 0}
2023-04-02 20:50:29.711000;30;P3;LOOKUP;P4;{"Message": "LOOKUP", "Destination": "P3", "Source": "P4", "TTL": 4, "ID": 1680461429648, "Route": [], "Path": ["P4", "P3"]}
2023-04-02 20:50:31.028000;31;P3;HB;P1;{"Message": "HB", "RID": "P1", "HBref": 1680461430917, "HBresp": 1680461430981}
2023-04-02 20:50:31.036000;31;P3;HB;P4;{"Message": "HB", "RID": "P4", "HBref": 1680461430917, "HBresp": 1680461430982}
2023-04-02 20:50:32.932000;33;P3;LSA;P1;{"RID": "P1", "Port": 5001, "Neighbours": 2, "Neighbours Data": [{"NID": "P2", "Cost": 100, "Hostname": "127.0.0.1", "RP": "sklep", "FLAG": 0}, {"NID": "P3", "Cost": 100, "Hostname": "127.0.0.1", "RP": "RMK", "FLAG": 0}], "SN": 2, "FLAG": 0, "RP": []}
2023-04-02 20:50:33.008000;33;P3;HB;P1;{"Message": "HB", "RID": "P1", "HBref": 1680461432897, "HBresp": 0}
2023-04-02 20:50:33.684000;34;P3;LSA;P4;{"RID": "P4", "Port": 5004, "Neighbours": 2, "Neighbours Data": [{"NID": "P2", "Cost": 100, "Hostname": "127.0.0.1", "RP": "LupusreginaBeta", "FLAG": 0}, {"NID": "P3", "Cost": 100, "Hostname": "127.0.0.1", "RP": "Vulnerar", "FLAG": 0}], "SN": 2, "FLAG": 0, "RP": []}
2023-04-02 20:50:33.734000;34;P3;HB;P4;{"Message": "HB", "RID": "P4", "HBref": 1680461433640, "HBresp": 0}
2023-04-02 20:50:33.938000;34;P3;LOOKUP;P3;{"Message": "LOOKUP", "Destination": "P4", "Source": "P3", "TTL": 4, "ID": 1680461433937, "Route": [], "Path": ["P3"]}
2023-04-02 20:50:33.939000;34;P3;LOOKUP;P3;{"Message": "LOOKUP", "Destination": "P1", "Source": "P3", "TTL": 4, "ID": 1680461433938, "Route": [], "Path": ["P3"]}
2023-04-02 20:50:33.940000;34;P3;LOOKUP;P3;{"Message": "LOOKUP", "Destination": "P2", "Source": "P3", "TTL": 4, "ID": 1680461433939, "Route": ["P2"], "Path": ["P3"]}
2023-04-02 20:50:36.020000;36;P3;HB;P1;{"Message": "HB", "RID": "P1", "HBref": 1680461435924, "HBresp": 1680461435976}
2023-04-02 20:50:36.042000;36;P3;HB;P4;{"Message": "HB", "RID": "P4", "HBref": 1680461435924, "HBresp": 1680461435978}
2023-04-02 20:50:36.955000;37;P3;LOOKUP;P1;{"Message": "LOOKUP", "Destination": "P3", "Source": "P1", "TTL": 4, "ID": 1680461436909, "Route": [], "Path": ["P1", "P3"]}
2023-04-02 20:50:37.716000;38;P3;LOOKUP;P4;{"Message": "LOOKUP", "Destination": "P3", "Source": "P4", "TTL": 4, "ID": 1680461437655, "Route": [], "Path": ["P4", "P3"]}
2023-04-02 20:50:37.951000;38;P3;HB;P1;{"Message": "HB", "RID": "P1", "HBref": 1680461437903, "HBresp": 0}
2023-04-02 20:50:38.708000;39;P3;HB;P4;{"Message": "HB", "RID": "P4", "HBref": 1680461438646, "HBresp": 0}
2023-04-02 20:50:38.946000;39;P3;LOOKUP;P3;{"Message": "LOOKUP", "Destination": "P4", "Source": "P3", "TTL": 4, "ID": 1680461438945, "Route": [], "Path": ["P3"]}
2023-04-02 20:50:38.947000;39;P3;LOOKUP;P3;{"Message": "LOOKUP", "Destination": "P1", "Source": "P3", "TTL": 4, "ID": 1680461438946, "Route": [], "Path": ["P3"]}
2023-04-02 20:50:38.948000;39;P3;LOOKUP;P3;{"Message": "LOOKUP", "Destination": "P2", "Source": "P3", "TTL": 4, "ID": 1680461438947, "Route": ["P2"], "Path": ["P3"]}
2023-04-02 20:50:41.054000;41;P3;HB;P1;{"Message": "HB", "RID": "P1", "HBref": 1680461440931, "HBresp": 1680461441009}
2023-04-02 20:50:41.105000;41;P3;HB;P4;{"Message": "HB", "RID": "P4", "HBref": 1680461440931, "HBresp": 1680461441051}
2023-04-02 20:50:41.967000;42;P3;LOOKUP;P1;{"Message": "LOOKUP", "Destination": "P3", "Source": "P1", "TTL": 4, "ID": 1680461441918, "Route": [], "Path": ["P1", "P3"]}
2023-04-02 20:50:42.726000;43;P3;LOOKUP;P4;{"Message": "LOOKUP", "Destination": "P3", "Source": "P4", "TTL": 4, "ID": 1680461442664, "Route": [], "Path": ["P4", "P3"]}
2023-04-02 20:50:42.956000;43;P3;HB;P1;{"Message": "HB", "RID": "P1", "HBref": 1680461442907, "HBresp": 0}
2023-04-02 20:50:43.717000;44;P3;HB;P4;{"Message": "HB", "RID": "P4", "HBref": 1680461443654, "HBresp": 0}
2023-04-02 20:50:43.954000;44;P3;LOOKUP;P3;{"Message": "LOOKUP", "Destination": "P4", "Source": "P3", "TTL": 4, "ID": 1680461443953, "Route": [], "Path": ["P3"]}
2023-04-02 20:50:43.955000;44;P3;LOOKUP;P3;{"Message": "LOOKUP", "Destination": "P1", "Source": "P3", "TTL": 4, "ID": 1680461443954, "Route": [], "Path": ["P3"]}
2023-04-02 20:50:43.955000;44;P3;LOOKUP;P3;{"Message": "LOOKUP", "Destination": "P2", "Source": "P3", "TTL": 4, "ID": 1680461443955, "Route": ["P2"], "Path": ["P3"]}
2023-04-02 20:50:46.040000;46;P3;HB;P1;{"Message": "HB", "RID": "P1", "HBref": 1680461445937, "HBresp": 1680461445992}
2023-04-02 20:50:46.046000;46;P3;HB;P4;{"Message": "HB", "RID": "P4", "HBref": 1680461445937, "HBresp": 1680461445989}
2023-04-02 20:50:47.945000;48;P3;LSA;P1;{"RID": "P1", "Port": 5001, "Neighbours": 2, "Neighbours Data": [{"NID": "P2", "Cost": 100, "Hostname": "127.0.0.1", "RP": "sklep", "FLAG": 0}, {"NID": "P3", "Cost": 100, "Hostname": "127.0.0.1", "RP": "RMK", "FLAG": 0}], "SN": 2, "FLAG": 0, "RP": []}
2023-04-02 20:50:48.019000;48;P3;HB;P1;{"Message": "HB", "RID": "P1", "HBref": 1680461447914, "HBresp": 0}
2023-04-02 20:50:48.702000;49;P3;LSA;P4;{"RID": "P4", "Port": 5004, "Neighbours": 2, "Neighbours Data": [{"NID": "P2", "Cost": 100, "Hostname": "127.0.0.1", "RP": "LupusreginaBeta", "FLAG": 0}, {"NID": "P3", "Cost": 100, "Hostname": "127.0.0.1", "RP": "Vulnerar", "FLAG": 0}], "SN": 2, "FLAG": 0, "RP": []}
2023-04-02 20:50:48.754000;49;P3;HB;P4;{"Message": "HB", "RID": "P4", "HBref": 1680461448662, "HBresp": 0}
2023-04-02 20:50:50.732000;51;P3;LOOKUP;P4;{"Message": "LOOKUP", "Destination": "P3", "Source": "P4", "TTL": 4, "ID": 1680461450674, "Route": [], "Path": ["P4", "P3"]}
2023-04-02 20:50:50.966000;51;P3;LOOKUP;P3;{"Message": "LOOKUP", "Destination": "P4", "Source": "P3", "TTL": 4, "ID": 1680461450965, "Route": [], "Path": ["P3"]}
2023-04-02 20:50:50.966000;51;P3;LOOKUP;P3;{"Message": "LOOKUP", "Destination": "P1", "Source": "P3", "TTL": 4, "ID": 1680461450965, "Route": [], "Path": ["P3"]}
2023-04-02 20:50:50.967000;51;P3;LOOKUP;P3;{"Message": "LOOKUP", "Destination": "P2", "Source": "P3", "TTL": 4, "ID": 1680461450966, "Route": ["P2"], "Path": ["P3"]}
2023-04-02 20:50:51.041000;51;P3;HB;P1;{"Message": "HB", "RID": "P1", "HBref": 1680461450942, "HBresp": 1680461450996}
2023-04-02 20:50:51.053000;51;P3;HB;P4;{"Message": "HB", "RID": "P4", "HBref": 1680461450942, "HBresp": 1680461450996}
2023-04-02 20:50:51.974000;52;P3;LOOKUP;P1;{"Message": "LOOKUP", "Destination": "P3", "Source": "P1", "TTL": 4, "ID": 1680461451930, "Route": [], "Path": ["P1", "P3"]}
2023-04-02 20:50:52.969000;53;P3;HB;P1;{"Message": "HB", "RID": "P1", "HBref": 1680461452922, "HBresp": 0}
2023-04-02 20:50:53.725000;54;P3;HB;P4;{"Message": "HB", "RID": "P4", "HBref": 1680461453665, "HBresp": 0}
2023-04-02 20:50:56.090000;56;P3;HB;P1;{"Message": "HB", "RID": "P1", "HBref": 1680461455951, "HBresp": 1680461456044}
2023-04-02 20:50:56.132000;56;P3;HB;P4;{"Message": "HB", "RID": "P4", "HBref": 1680461455951, "HBresp": 1680461456073}
2023-04-02 20:50:57.978000;58;P3;HB;P1;{"Message": "HB", "RID": "P1", "HBref": 1680461457928, "HBresp": 0}
2023-04-02 20:50:58.733000;59;P3;HB;P4;{"Message": "HB", "RID": "P4", "HBref": 1680461458672, "HBresp": 0}
2023-04-02 20:50:58.978000;59;P3;LOOKUP;P1;{"Message": "LOOKUP", "Destination": "P3", "Source": "P1", "TTL": 4, "ID": 1680461458934, "Route": [], "Path": ["P1", "P3"]}
2023-04-02 20:50:59.747000;60;P3;LOOKUP;P4;{"Message": "LOOKUP", "Destination": "P3", "Source": "P4", "TTL": 4, "ID": 1680461459686, "Route": [], "Path": ["P4", "P3"]}
2023-04-02 20:51:00.979000;61;P3;LOOKUP;P3;{"Message": "LOOKUP", "Destination": "P4", "Source": "P3", "TTL": 4, "ID": 1680461460977, "Route": [], "Path": ["P3"]}
2023-04-02 20:51:00.979000;61;P3;LOOKUP;P3;{"Message": "LOOKUP", "Destination": "P1", "Source": "P3", "TTL": 4, "ID": 1680461460978, "Route": [], "Path": ["P3"]}
2023-04-02 20:51:00.980000;61;P3;LOOKUP;P3;{"Message": "LOOKUP", "Destination": "P2", "Source": "P3", "TTL": 4, "ID": 1680461460979, "Route": ["P2"], "Path": ["P3"]}
2023-04-02 20:51:01.051000;61;P3;HB;P1;{"Message": "HB", "RID": "P1", "HBref": 1680461460957, "HBresp": 1680461461006}
2023-04-02 20:51:01.058000;61;P3;HB;P4;{"Message": "HB", "RID": "P4", "HBref": 1680461460957, "HBresp": 1680461461006}
2023-04-02 20:51:02.951000;63;P3;LSA;P1;{"RID": "P1", "Port": 5001, "Neighbours": 2, "Neighbours Data": [{"NID": "P2", "Cost": 100, "Hostname": "127.0.0.1", "RP": "sklep", "FLAG": 0}, {"NID": "P3", "Cost": 100, "Hostname": "127.0.0.1", "RP": "RMK", "FLAG": 0}], "SN": 2, "FLAG": 0, "RP": []}
2023-04-02 20:51:03.027000;63;P3;HB;P1;{"Message": "HB", "RID": "P1", "HBref": 1680461462936, "HBresp": 0}
2023-04-02 20:51:03.721000;64;P3;LSA;P4;{"RID": "P4", "Port": 5004, "Neighbours": 2, "Neighbours Data": [{"NID": "P2", "Cost": 100, "Hostname": "127.0.0.1", "RP": "LupusreginaBeta", "FLAG": 0}, {"NID": "P3", "Cost": 100, "Hostname": "127.0.0.1", "RP": "Vulnerar", "FLAG": 0}], "SN": 2, "FLAG": 0, "RP": []}
2023-04-02 20:51:03.772000;64;P3;HB;P4;{"Message": "HB", "RID": "P4", "HBref": 1680461463679, "HBresp": 0}
2023-04-02 20:51:05.756000;66;P3;LOOKUP;P4;{"Message": "LOOKUP", "Destination": "P3", "Source": "P4", "TTL": 4, "ID": 1680461465696, "Route": [], "Path": ["P4", "P3"]}
2023-04-02 20:51:06.063000;66;P3;HB;P1;{"Message": "HB", "RID": "P1", "HBref": 1680461465964, "HBresp": 1680461466016}
2023-04-02 20:51:06.070000;66;P3;HB;P4;{"Message": "HB", "RID": "P4", "HBref": 1680461465964, "HBresp": 1680461466016}
2023-04-02 20:51:07.991000;68;P3;LOOKUP;P3;{"Message": "LOOKUP", "Destination": "P4", "Source": "P3", "TTL": 4, "ID": 1680461467989, "Route": [], "Path": ["P3"]}
2023-04-02 20:51:07.991000;68;P3;LOOKUP;P3;{"Message": "LOOKUP", "Destination": "P1", "Source": "P3", "TTL": 4, "ID": 1680461467990, "Route": [], "Path": ["P3"]}
2023-04-02 20:51:07.991000;68;P3;LOOKUP;P3;{"Message": "LOOKUP", "Destination": "P2", "Source": "P3", "TTL": 4, "ID": 1680461467991, "Route": ["P2"], "Path": ["P3"]}
2023-04-02 20:51:07.994000;68;P3;HB;P1;{"Message": "HB", "RID": "P1", "HBref": 1680461467940, "HBresp": 0}
2023-04-02 20:51:08.748000;69;P3;HB;P4;{"Message": "HB", "RID": "P4", "HBref": 1680461468685, "HBresp": 0}
2023-04-02 20:51:08.995000;69;P3;LOOKUP;P1;{"Message": "LOOKUP", "Destination": "P3", "Source": "P1", "TTL": 4, "ID": 1680461468948, "Route": [], "Path": ["P1", "P3"]}
2023-04-02 20:51:11.089000;71;P3;HB;P1;{"Message": "HB", "RID": "P1", "HBref": 1680461470971, "HBresp": 1680461471041}
2023-04-02 20:51:11.110000;71;P3;HB;P4;{"Message": "HB", "RID": "P4", "HBref": 1680461470971, "HBresp": 1680461471056}
2023-04-02 20:51:12.762000;73;P3;LOOKUP;P4;{"Message": "LOOKUP", "Destination": "P3", "Source": "P4", "TTL": 4, "ID": 1680461472707, "Route": [], "Path": ["P4", "P3"]}
2023-04-02 20:51:12.987000;73;P3;HB;P1;{"Message": "HB", "RID": "P1", "HBref": 1680461472943, "HBresp": 0}
2023-04-02 20:51:13.753000;74;P3;HB;P4;{"Message": "HB", "RID": "P4", "HBref": 1680461473693, "HBresp": 0}
2023-04-02 20:51:16.001000;76;P3;LOOKUP;P3;{"Message": "LOOKUP", "Destination": "P4", "Source": "P3", "TTL": 4, "ID": 1680461475999, "Route": [], "Path": ["P3"]}
2023-04-02 20:51:16.001000;76;P3;LOOKUP;P3;{"Message": "LOOKUP", "Destination": "P1", "Source": "P3", "TTL": 4, "ID": 1680461476000, "Route": [], "Path": ["P3"]}
2023-04-02 20:51:16.001000;76;P3;LOOKUP;P3;{"Message": "LOOKUP", "Destination": "P2", "Source": "P3", "TTL": 4, "ID": 1680461476000, "Route": ["P2"], "Path": ["P3"]}
2023-04-02 20:51:16.080000;76;P3;HB;P1;{"Message": "HB", "RID": "P1", "HBref": 1680461475979, "HBresp": 1680461476036}
2023-04-02 20:51:16.094000;76;P3;HB;P4;{"Message": "HB", "RID": "P4", "HBref": 1680461475979, "HBresp": 1680461476040}
2023-04-02 20:51:17.004000;77;P3;LOOKUP;P1;{"Message": "LOOKUP", "Destination": "P3", "Source": "P1", "TTL": 4, "ID": 1680461476959, "Route": [], "Path": ["P1", "P3"]}
2023-04-02 20:51:17.968000;78;P3;LSA;P1;{"RID": "P1", "Port": 5001, "Neighbours": 2, "Neighbours Data": [{"NID": "P2", "Cost": 100, "Hostname": "127.0.0.1", "RP": "sklep", "FLAG": 0}, {"NID": "P3", "Cost": 100, "Hostname": "127.0.0.1", "RP": "RMK", "FLAG": 0}], "SN": 2, "FLAG": 0, "RP": []}
2023-04-02 20:51:18.041000;78;P3;HB;P1;{"Message": "HB", "RID": "P1", "HBref": 1680461477950, "HBresp": 0}
2023-04-02 20:51:18.739000;79;P3;LSA;P4;{"RID": "P4", "Port": 5004, "Neighbours": 2, "Neighbours Data": [{"NID": "P2", "Cost": 100, "Hostname": "127.0.0.1", "RP": "LupusreginaBeta", "FLAG": 0}, {"NID": "P3", "Cost": 100, "Hostname": "127.0.0.1", "RP": "Vulnerar", "FLAG": 0}], "SN": 2, "FLAG": 0, "RP": []}
2023-04-02 20:51:18.789000;79;P3;HB;P4;{"Message": "HB", "RID": "P4", "HBref": 1680461478699, "HBresp": 0}
2023-04-02 20:51:20.783000;81;P3;LOOKUP;P4;{"Message": "LOOKUP", "Destination": "P3", "Source": "P4", "TTL": 4, "ID": 1680461480719, "Route": [], "Path": ["P4", "P3"]}
2023-04-02 20:51:21.011000;81;P3;LOOKUP;P2;{"Message": "LOOKUP", "Destination": "P3", "Source": "P2", "TTL": 3, "ID": 1680461480876, "Route": [], "Path": ["P2", "P1", "P3"]}
2023-04-02 20:51:21.085000;81;P3;HB;P1;{"Message": "HB", "RID": "P1", "HBref": 1680461480986, "HBresp": 1680461481039}
2023-04-02 20:51:21.095000;81;P3;HB;P4;{"Message": "HB", "RID": "P4", "HBref": 1680461480986, "HBresp": 1680461481038}
2023-04-02 20:51:22.018000;82;P3;LOOKUP;P1;{"Message": "LOOKUP", "Destination": "P3", "Source": "P1", "TTL": 4, "ID": 1680461481968, "Route": [], "Path": ["P1", "P3"]}
2023-04-02 20:51:23.009000;83;P3;HB;P1;{"Message": "HB", "RID": "P1", "HBref": 1680461482958, "HBresp": 0}
2023-04-02 20:51:23.765000;84;P3;HB;P4;{"Message": "HB", "RID": "P4", "HBref": 1680461483706, "HBresp": 0}
2023-04-02 20:51:25.010000;85;P3;LOOKUP;P3;{"Message": "LOOKUP", "Destination": "P4", "Source": "P3", "TTL": 4, "ID": 1680461485009, "Route": [], "Path": ["P3"]}
2023-04-02 20:51:25.011000;85;P3;LOOKUP;P3;{"Message": "LOOKUP", "Destination": "P1", "Source": "P3", "TTL": 4, "ID": 1680461485009, "Route": [], "Path": ["P3"]}
2023-04-02 20:51:25.011000;85;P3;LOOKUP;P3;{"Message": "LOOKUP", "Destination": "P2", "Source": "P3", "TTL": 4, "ID": 1680461485010, "Route": ["P2"], "Path": ["P3"]}
2023-04-02 20:51:25.789000;86;P3;LOOKUP;P4;{"Message": "LOOKUP", "Destination": "P3", "Source": "P4", "TTL": 4, "ID": 1680461485727, "Route": [], "Path": ["P4", "P3"]}
2023-04-02 20:51:26.093000;86;P3;HB;P1;{"Message": "HB", "RID": "P1", "HBref": 1680461485992, "HBresp": 1680461486049}
2023-04-02 20:51:26.149000;86;P3;HB;P4;{"Message": "HB", "RID": "P4", "HBref": 1680461485992, "HBresp": 1680461486092}
2023-04-02 20:51:28.015000;88;P3;HB;P1;{"Message": "HB", "RID": "P1", "HBref": 1680461487962, "HBresp": 0}
2023-04-02 20:51:28.773000;89;P3;HB;P4;{"Message": "HB", "RID": "P4", "HBref": 1680461488713, "HBresp": 0}
2023-04-02 20:51:30.019000;90;P3;LOOKUP;P3;{"Message": "LOOKUP", "Destination": "P4", "Source": "P3", "TTL": 4, "ID": 1680461490017, "Route": [], "Path": ["P3"]}
2023-04-02 20:51:30.020000;90;P3;LOOKUP;P3;{"Message": "LOOKUP", "Destination": "P1", "Source": "P3", "TTL": 4, "ID": 1680461490018, "Route": [], "Path": ["P3"]}
2023-04-02 20:51:30.020000;90;P3;LOOKUP;P3;{"Message": "LOOKUP", "Destination": "P2", "Source": "P3", "TTL": 4, "ID": 1680461490019, "Route": ["P2"], "Path": ["P3"]}
2023-04-02 20:51:31.031000;91;P3;LOOKUP;P1;{"Message": "LOOKUP", "Destination": "P3", "Source": "P1", "TTL": 4, "ID": 1680461490984, "Route": [], "Path": ["P1", "P3"]}
2023-04-02 20:51:31.108000;91;P3;HB;P4;{"Message": "HB", "RID": "P4", "HBref": 1680461490997, "HBresp": 1680461491052}
2023-04-02 20:51:31.109000;91;P3;HB;P1;{"Message": "HB", "RID": "P1", "HBref": 1680461490997, "HBresp": 1680461491046}
2023-04-02 20:51:32.794000;93;P3;LOOKUP;P4;{"Message": "LOOKUP", "Destination": "P3", "Source": "P4", "TTL": 4, "ID": 1680461492738, "Route": [], "Path": ["P4", "P3"]}
2023-04-02 20:51:32.973000;93;P3;LSA;P1;{"RID": "P1", "Port": 5001, "Neighbours": 2, "Neighbours Data": [{"NID": "P2", "Cost": 100, "Hostname": "127.0.0.1", "RP": "sklep", "FLAG": 0}, {"NID": "P3", "Cost": 100, "Hostname": "127.0.0.1", "RP": "RMK", "FLAG": 0}], "SN": 2, "FLAG": 0, "RP": []}
2023-04-02 20:51:33.047000;93;P3;HB;P1;{"Message": "HB", "RID": "P1", "HBref": 1680461492971, "HBresp": 0}
2023-04-02 20:51:33.753000;94;P3;LSA;P4;{"RID": "P4", "Port": 5004, "Neighbours": 2, "Neighbours Data": [{"NID": "P2", "Cost": 100, "Hostname": "127.0.0.1", "RP": "LupusreginaBeta", "FLAG": 0}, {"NID": "P3", "Cost": 100, "Hostname": "127.0.0.1", "RP": "Vulnerar", "FLAG": 0}], "SN": 2, "FLAG": 0, "RP": []}
2023-04-02 20:51:33.804000;94;P3;HB;P4;{"Message": "HB", "RID": "P4", "HBref": 1680461493720, "HBresp": 0}
2023-04-02 20:51:36.030000;96;P3;LOOKUP;P3;{"Message": "LOOKUP", "Destination": "P4", "Source": "P3", "TTL": 4, "ID": 1680461496028, "Route": [], "Path": ["P3"]}
2023-04-02 20:51:36.030000;96;P3;LOOKUP;P3;{"Message": "LOOKUP", "Destination": "P1", "Source": "P3", "TTL": 4, "ID": 1680461496029, "Route": [], "Path": ["P3"]}
2023-04-02 20:51:36.030000;96;P3;LOOKUP;P3;{"Message": "LOOKUP", "Destination": "P2", "Source": "P3", "TTL": 4, "ID": 1680461496029, "Route": ["P2"], "Path": ["P3"]}
2023-04-02 20:51:36.108000;96;P3;HB;P1;{"Message": "HB", "RID": "P1", "HBref": 1680461496003, "HBresp": 1680461496061}
2023-04-02 20:51:36.116000;96;P3;HB;P4;{"Message": "HB", "RID": "P4", "HBref": 1680461496003, "HBresp": 1680461496060}
2023-04-02 20:51:38.031000;98;P3;HB;P1;{"Message": "HB", "RID": "P1", "HBref": 1680461497980, "HBresp": 0}
2023-04-02 20:51:38.783000;99;P3;HB;P4;{"Message": "HB", "RID": "P4", "HBref": 1680461498728, "HBresp": 0}
2023-04-02 20:51:38.833000;99;P3;LOOKUP;P4;{"Message": "LOOKUP", "Destination": "P3", "Source": "P4", "TTL": 4, "ID": 1680461498745, "Route": [], "Path": ["P4", "P3"]}
2023-04-02 20:51:39.040000;99;P3;LOOKUP;P1;{"Message": "LOOKUP", "Destination": "P3", "Source": "P1", "TTL": 4, "ID": 1680461498991, "Route": [], "Path": ["P1", "P3"]}
2023-04-02 20:51:41.116000;101;P3;HB;P1;{"Message": "HB", "RID": "P1", "HBref": 1680461501008, "HBresp": 1680461501069}
2023-04-02 20:51:41.160000;101;P3;HB;P4;{"Message": "HB", "RID": "P4", "HBref": 1680461501008, "HBresp": 1680461501106}
2023-04-02 20:51:42.039000;102;P3;LOOKUP;P3;{"Message": "LOOKUP", "Destination": "P4", "Source": "P3", "TTL": 4, "ID": 1680461502038, "Route": [], "Path": ["P3"]}
2023-04-02 20:51:42.039000;102;P3;LOOKUP;P3;{"Message": "LOOKUP", "Destination": "P1", "Source": "P3", "TTL": 4, "ID": 1680461502038, "Route": [], "Path": ["P3"]}
2023-04-02 20:51:42.039000;102;P3;LOOKUP;P3;{"Message": "LOOKUP", "Destination": "P2", "Source": "P3", "TTL": 4, "ID": 1680461502039, "Route": ["P2"], "Path": ["P3"]}
2023-04-02 20:51:43.045000;103;P3;HB;P1;{"Message": "HB", "RID": "P1", "HBref": 1680461502990, "HBresp": 0}
2023-04-02 20:51:43.796000;104;P3;HB;P4;{"Message": "HB", "RID": "P4", "HBref": 1680461503735, "HBresp": 0}
2023-04-02 20:51:43.869000;104;P3;LOOKUP;P4;{"Message": "LOOKUP", "Destination": "P3", "Source": "P4", "TTL": 4, "ID": 1680461503753, "Route": [], "Path": ["P4", "P3"]}
2023-04-02 20:51:45.058000;105;P3;LOOKUP;P1;{"Message": "LOOKUP", "Destination": "P3", "Source": "P1", "TTL": 4, "ID": 1680461505003, "Route": [], "Path": ["P1", "P3"]}
2023-04-02 20:51:46.112000;106;P3;HB;P1;{"Message": "HB", "RID": "P1", "HBref": 1680461506014, "HBresp": 1680461506068}
2023-04-02 20:51:46.124000;106;P3;HB;P4;{"Message": "HB", "RID": "P4", "HBref": 1680461506014, "HBresp": 1680461506069}
2023-04-02 20:51:47.993000;108;P3;LSA;P1;{"RID": "P1", "Port": 5001, "Neighbours": 2, "Neighbours Data": [{"NID": "P2", "Cost": 100, "Hostname": "127.0.0.1", "RP": "sklep", "FLAG": 0}, {"NID": "P3", "Cost": 100, "Hostname": "127.0.0.1", "RP": "RMK", "FLAG": 0}], "SN": 2, "FLAG": 0, "RP": []}
2023-04-02 20:51:48.048000;108;P3;LOOKUP;P3;{"Message": "LOOKUP", "Destination": "P4", "Source": "P3", "TTL": 4, "ID": 1680461508047, "Route": [], "Path": ["P3"]}
2023-04-02 20:51:48.048000;108;P3;LOOKUP;P3;{"Message": "LOOKUP", "Destination": "P1", "Source": "P3", "TTL": 4, "ID": 1680461508047, "Route": [], "Path": ["P3"]}
2023-04-02 20:51:48.048000;108;P3;LOOKUP;P3;{"Message": "LOOKUP", "Destination": "P2", "Source": "P3", "TTL": 4, "ID": 1680461508047, "Route": ["P2"], "Path": ["P3"]}
2023-04-02 20:51:48.066000;108;P3;HB;P1;{"Message": "HB", "RID": "P1", "HBref": 1680461507997, "HBresp": 0}
2023-04-02 20:51:48.774000;109;P3;LSA;P4;{"RID": "P4", "Port": 5004, "Neighbours": 2, "Neighbours Data": [{"NID": "P2", "Cost": 100, "Hostname": "127.0.0.1", "RP": "LupusreginaBeta", "FLAG": 0}, {"NID": "P3", "Cost": 100, "Hostname": "127.0.0.1", "RP": "Vulnerar", "FLAG": 0}], "SN": 2, "FLAG": 0, "RP": []}
2023-04-02 20:51:48.823000;109;P3;HB;P4;{"Message": "HB", "RID": "P4", "HBref": 1680461508741, "HBresp": 0}
2023-04-02 20:51:51.126000;111;P3;HB;P1;{"Message": "HB", "RID": "P1", "HBref": 1680461511021, "HBresp": 1680461511078}
2023-04-02 20:51:51.134000;111;P3;HB;P4;{"Message": "HB", "RID": "P4", "HBref": 1680461511021, "HBresp": 1680461511081}
2023-04-02 20:51:51.823000;112;P3;LOOKUP;P4;{"Message": "LOOKUP", "Destination": "P3", "Source": "P4", "TTL": 4, "ID": 1680461511763, "Route": [], "Path": ["P4", "P3"]}
2023-04-02 20:51:53.065000;113;P3;HB;P1;{"Message": "HB", "RID": "P1", "HBref": 1680461513004, "HBresp": 0}
2023-04-02 20:51:53.815000;114;P3;HB;P4;{"Message": "HB", "RID": "P4", "HBref": 1680461513747, "HBresp": 0}
2023-04-02 20:51:54.072000;114;P3;LOOKUP;P1;{"Message": "LOOKUP", "Destination": "P3", "Source": "P1", "TTL": 4, "ID": 1680461514015, "Route": [], "Path": ["P1", "P3"]}
2023-04-02 20:51:56.058000;116;P3;LOOKUP;P3;{"Message": "LOOKUP", "Destination": "P4", "Source": "P3", "TTL": 4, "ID": 1680461516056, "Route": [], "Path": ["P3"]}
2023-04-02 20:51:56.058000;116;P3;LOOKUP;P3;{"Message": "LOOKUP", "Destination": "P1", "Source": "P3", "TTL": 4, "ID": 1680461516057, "Route": [], "Path": ["P3"]}
2023-04-02 20:51:56.058000;116;P3;LOOKUP;P3;{"Message": "LOOKUP", "Destination": "P2", "Source": "P3", "TTL": 4, "ID": 1680461516057, "Route": ["P2"], "Path": ["P3"]}
2023-04-02 20:51:56.153000;116;P3;HB;P1;{"Message": "HB", "RID": "P1", "HBref": 1680461516029, "HBresp": 1680461516110}
2023-04-02 20:51:56.186000;116;P3;HB;P4;{"Message": "HB", "RID": "P4", "HBref": 1680461516029, "HBresp": 1680461516130}
2023-04-02 20:51:58.084000;118;P3;HB;P1;{"Message": "HB", "RID": "P1", "HBref": 1680461518010, "HBresp": 0}
2023-04-02 20:51:58.814000;119;P3;HB;P4;{"Message": "HB", "RID": "P4", "HBref": 1680461518755, "HBresp": 0}
2023-04-02 20:51:58.875000;119;P3;LOOKUP;P4;{"Message": "LOOKUP", "Destination": "P3", "Source": "P4", "TTL": 4, "ID": 1680461518769, "Route": [], "Path": ["P4", "P3"]}
2023-04-02 20:51:59.083000;119;P3;LOOKUP;P2;{"Message": "LOOKUP", "Destination": "P3", "Source": "P2", "TTL": 3, "ID": 1680461518926, "Route": [], "Path": ["P2", "P1", "P3"]}
2023-04-02 20:52:00.106000;120;P3;LOOKUP;P1;{"Message": "LOOKUP", "Destination": "P3", "Source": "P1", "TTL": 4, "ID": 1680461520023, "Route": [], "Path": ["P1", "P3"]}
2023-04-02 20:52:01.142000;121;P3;HB;P4;{"Message": "HB", "RID": "P4", "HBref": 1680461521034, "HBresp": 1680461521086}
2023-04-02 20:52:01.161000;121;P3;HB;P1;{"Message": "HB", "RID": "P1", "HBref": 1680461521034, "HBresp": 1680461521110}
2023-04-02 20:52:03.001000;123;P3;LSA;P1;{"RID": "P1", "Port": 5001, "Neighbours": 2, "Neighbours Data": [{"NID": "P2", "Cost": 100, "Hostname": "127.0.0.1", "RP": "sklep", "FLAG": 0}, {"NID": "P3", "Cost": 100, "Hostname": "127.0.0.1", "RP": "RMK", "FLAG": 0}], "SN": 2, "FLAG": 0, "RP": []}
2023-04-02 20:52:03.070000;123;P3;LOOKUP;P3;{"Message": "LOOKUP", "Destination": "P4", "Source": "P3", "TTL": 4, "ID": 1680461523068, "Route": [], "Path": ["P3"]}
2023-04-02 20:52:03.070000;123;P3;LOOKUP;P3;{"Message": "LOOKUP", "Destination": "P1", "Source": "P3", "TTL": 4, "ID": 1680461523069, "Route": [], "Path": ["P3"]}
2023-04-02 20:52:03.070000;123;P3;LOOKUP;P3;{"Message": "LOOKUP", "Destination": "P2", "Source": "P3", "TTL": 4, "ID": 1680461523069, "Route": ["P2"], "Path": ["P3"]}
2023-04-02 20:52:03.101000;123;P3;HB;P1;{"Message": "HB", "RID": "P1", "HBref": 1680461523018, "HBresp": 0}
2023-04-02 20:52:03.781000;124;P3;LSA;P4;{"RID": "P4", "Port": 5004, "Neighbours": 2, "Neighbours Data": [{"NID": "P2", "Cost": 100, "Hostname": "127.0.0.1", "RP": "LupusreginaBeta", "FLAG": 0}, {"NID": "P3", "Cost": 100, "Hostname": "127.0.0.1", "RP": "Vulnerar", "FLAG": 0}], "SN": 2, "FLAG": 0, "RP": []}
2023-04-02 20:52:03.828000;124;P3;HB;P4;{"Message": "HB", "RID": "P4", "HBref": 1680461523761, "HBresp": 0}
2023-04-02 20:52:03.886000;124;P3;LOOKUP;P4;{"Message": "LOOKUP", "Destination": "P3", "Source": "P4", "TTL": 4, "ID": 1680461523777, "Route": [], "Path": ["P4", "P3"]}
2023-04-02 20:52:06.073000;126;P3;LOOKUP;P2;{"Message": "LOOKUP", "Destination": "P3", "Source": "P2", "TTL": 3, "ID": 1680461525937, "Route": [], "Path": ["P2", "P1", "P3"]}
2023-04-02 20:52:06.144000;126;P3;HB;P4;{"Message": "HB", "RID": "P4", "HBref": 1680461526040, "HBresp": 1680461526089}
2023-04-02 20:52:06.175000;126;P3;HB;P1;{"Message": "HB", "RID": "P1", "HBref": 1680461526040, "HBresp": 1680461526126}
2023-04-02 20:52:07.076000;127;P3;LOOKUP;P1;{"Message": "LOOKUP", "Destination": "P3", "Source": "P1", "TTL": 4, "ID": 1680461527032, "Route": [], "Path": ["P1", "P3"]}
2023-04-02 20:52:08.078000;128;P3;HB;P1;{"Message": "HB", "RID": "P1", "HBref": 1680461528024, "HBresp": 0}
2023-04-02 20:52:08.830000;129;P3;HB;P4;{"Message": "HB", "RID": "P4", "HBref": 1680461528770, "HBresp": 0}
2023-04-02 20:52:08.885000;129;P3;LOOKUP;P4;{"Message": "LOOKUP", "Destination": "P3", "Source": "P4", "TTL": 4, "ID": 1680461528783, "Route": [], "Path": ["P4", "P3"]}
2023-04-02 20:52:11.081000;131;P3;LOOKUP;P3;{"Message": "LOOKUP", "Destination": "P4", "Source": "P3", "TTL": 4, "ID": 1680461531079, "Route": [], "Path": ["P3"]}
2023-04-02 20:52:11.081000;131;P3;LOOKUP;P3;{"Message": "LOOKUP", "Destination": "P1", "Source": "P3", "TTL": 4, "ID": 1680461531080, "Route": [], "Path": ["P3"]}
2023-04-02 20:52:11.081000;131;P3;LOOKUP;P3;{"Message": "LOOKUP", "Destination": "P2", "Source": "P3", "TTL": 4, "ID": 1680461531080, "Route": ["P2"], "Path": ["P3"]}
2023-04-02 20:52:11.147000;131;P3;HB;P1;{"Message": "HB", "RID": "P1", "HBref": 1680461531047, "HBresp": 1680461531101}
2023-04-02 20:52:11.187000;131;P3;HB;P4;{"Message": "HB", "RID": "P4", "HBref": 1680461531047, "HBresp": 1680461531135}
2023-04-02 20:52:13.082000;133;P3;HB;P1;{"Message": "HB", "RID": "P1", "HBref": 1680461533031, "HBresp": 0}
2023-04-02 20:52:13.846000;134;P3;HB;P4;{"Message": "HB", "RID": "P4", "HBref": 1680461533778, "HBresp": 0}
2023-04-02 20:52:13.897000;134;P3;LOOKUP;P4;{"Message": "LOOKUP", "Destination": "P3", "Source": "P4", "TTL": 4, "ID": 1680461533791, "Route": [], "Path": ["P4", "P3"]}
2023-04-02 20:52:15.098000;135;P3;LOOKUP;P1;{"Message": "LOOKUP", "Destination": "P3", "Source": "P1", "TTL": 4, "ID": 1680461535045, "Route": [], "Path": ["P1", "P3"]}
2023-04-02 20:52:16.162000;136;P3;HB;P1;{"Message": "HB", "RID": "P1", "HBref": 1680461536055, "HBresp": 1680461536113}
2023-04-02 20:52:16.175000;136;P3;HB;P4;{"Message": "HB", "RID": "P4", "HBref": 1680461536055, "HBresp": 1680461536113}
2023-04-02 20:52:17.092000;137;P3;LOOKUP;P3;{"Message": "LOOKUP", "Destination": "P4", "Source": "P3", "TTL": 4, "ID": 1680461537087, "Route": [], "Path": ["P3"]}
2023-04-02 20:52:17.092000;137;P3;LOOKUP;P3;{"Message": "LOOKUP", "Destination": "P1", "Source": "P3", "TTL": 4, "ID": 1680461537090, "Route": [], "Path": ["P3"]}
2023-04-02 20:52:17.094000;137;P3;LOOKUP;P2;{"Message": "LOOKUP", "Destination": "P3", "Source": "P2", "TTL": 3, "ID": 1680461536960, "Route": [], "Path": ["P2", "P1", "P3"]}
2023-04-02 20:52:17.094000;137;P3;LOOKUP;P3;{"Message": "LOOKUP", "Destination": "P2", "Source": "P3", "TTL": 4, "ID": 1680461537091, "Route": ["P2"], "Path": ["P3"]}
2023-04-02 20:52:18.016000;138;P3;LSA;P1;{"RID": "P1", "Port": 5001, "Neighbours": 2, "Neighbours Data": [{"NID": "P2", "Cost": 100, "Hostname": "127.0.0.1", "RP": "sklep", "FLAG": 0}, {"NID": "P3", "Cost": 100, "Hostname": "127.0.0.1", "RP": "RMK", "FLAG": 0}], "SN": 2, "FLAG": 0, "RP": []}
2023-04-02 20:52:18.090000;138;P3;HB;P1;{"Message": "HB", "RID": "P1", "HBref": 1680461538037, "HBresp": 0}
2023-04-02 20:52:18.807000;139;P3;LSA;P4;{"RID": "P4", "Port": 5004, "Neighbours": 2, "Neighbours Data": [{"NID": "P2", "Cost": 100, "Hostname": "127.0.0.1", "RP": "LupusreginaBeta", "FLAG": 0}, {"NID": "P3", "Cost": 100, "Hostname": "127.0.0.1", "RP": "Vulnerar", "FLAG": 0}], "SN": 2, "FLAG": 0, "RP": []}
2023-04-02 20:52:18.855000;139;P3;HB;P4;{"Message": "HB", "RID": "P4", "HBref": 1680461538785, "HBresp": 0}
2023-04-02 20:52:18.901000;139;P3;LOOKUP;P4;{"Message": "LOOKUP", "Destination": "P3", "Source": "P4", "TTL": 4, "ID": 1680461538800, "Route": [], "Path": ["P4", "P3"]}
2023-04-02 20:52:21.175000;141;P3;HB;P4;{"Message": "HB", "RID": "P4", "HBref": 1680461541062, "HBresp": 1680461541121}
2023-04-02 20:52:21.181000;141;P3;HB;P1;{"Message": "HB", "RID": "P1", "HBref": 1680461541062, "HBresp": 1680461541119}
2023-04-02 20:52:22.104000;142;P3;LOOKUP;P1;{"Message": "LOOKUP", "Destination": "P3", "Source": "P1", "TTL": 4, "ID": 1680461542056, "Route": [], "Path": ["P1", "P3"]}
2023-04-02 20:52:23.093000;143;P3;HB;P1;{"Message": "HB", "RID": "P1", "HBref": 1680461543043, "HBresp": 0}
2023-04-02 20:52:23.104000;143;P3;LOOKUP;P3;{"Message": "LOOKUP", "Destination": "P4", "Source": "P3", "TTL": 4, "ID": 1680461543102, "Route": [], "Path": ["P3"]}
2023-04-02 20:52:23.104000;143;P3;LOOKUP;P3;{"Message": "LOOKUP", "Destination": "P1", "Source": "P3", "TTL": 4, "ID": 1680461543103, "Route": [], "Path": ["P3"]}
2023-04-02 20:52:23.105000;143;P3;LOOKUP;P3;{"Message": "LOOKUP", "Destination": "P2", "Source": "P3", "TTL": 4, "ID": 1680461543103, "Route": ["P2"], "Path": ["P3"]}
2023-04-02 20:52:23.853000;144;P3;HB;P4;{"Message": "HB", "RID": "P4", "HBref": 1680461543792, "HBresp": 0}
2023-04-02 20:52:26.205000;146;P3;HB;P4;{"Message": "HB", "RID": "P4", "HBref": 1680461546068, "HBresp": 1680461546152}
2023-04-02 20:52:26.214000;146;P3;HB;P1;{"Message": "HB", "RID": "P1", "HBref": 1680461546068, "HBresp": 1680461546165}
2023-04-02 20:52:27.110000;147;P3;LOOKUP;P1;{"Message": "LOOKUP", "Destination": "P3", "Source": "P1", "TTL": 4, "ID": 1680461547065, "Route": [], "Path": ["P1", "P3"]}
2023-04-02 20:52:27.897000;148;P3;LOOKUP;P4;{"Message": "LOOKUP", "Destination": "P3", "Source": "P4", "TTL": 4, "ID": 1680461547814, "Route": [], "Path": ["P4", "P3"]}
2023-04-02 20:52:28.102000;148;P3;HB;P1;{"Message": "HB", "RID": "P1", "HBref": 1680461548051, "HBresp": 0}
2023-04-02 20:52:28.861000;149;P3;HB;P4;{"Message": "HB", "RID": "P4", "HBref": 1680461548799, "HBresp": 0}
2023-04-02 20:52:31.116000;151;P3;LOOKUP;P3;{"Message": "LOOKUP", "Destination": "P4", "Source": "P3", "TTL": 4, "ID": 1680461551115, "Route": [], "Path": ["P3"]}
2023-04-02 20:52:31.116000;151;P3;LOOKUP;P3;{"Message": "LOOKUP", "Destination": "P1", "Source": "P3", "TTL": 4, "ID": 1680461551115, "Route": [], "Path": ["P3"]}
2023-04-02 20:52:31.116000;151;P3;LOOKUP;P3;{"Message": "LOOKUP", "Destination": "P2", "Source": "P3", "TTL": 4, "ID": 1680461551116, "Route": ["P2"], "Path": ["P3"]}
2023-04-02 20:52:31.173000;151;P3;HB;P1;{"Message": "HB", "RID": "P1", "HBref": 1680461551070, "HBresp": 1680461551121}
2023-04-02 20:52:31.180000;151;P3;HB;P4;{"Message": "HB", "RID": "P4", "HBref": 1680461551070, "HBresp": 1680461551121}
2023-04-02 20:52:33.026000;153;P3;LSA;P1;{"RID": "P1", "Port": 5001, "Neighbours": 2, "Neighbours Data": [{"NID": "P2", "Cost": 269, "Hostname": "127.0.0.1", "RP": "sklep", "FLAG": 0}, {"NID": "P3", "Cost": 100, "Hostname": "127.0.0.1", "RP": "RMK", "FLAG": 0}], "SN": 3, "FLAG": 1, "RP": []}
2023-04-02 20:52:34.030000;154;P3;HB;P1;{"Message": "HB", "RID": "P1", "HBref": 1680461553058, "HBresp": 0}
2023-04-02 20:52:34.030000;154;P3;LOOKUP;P1;{"Message": "LOOKUP", "Destination": "P3", "Source": "P1", "TTL": 4, "ID": 1680461553073, "Route": [], "Path": ["P1", "P3"]}
2023-04-02 20:52:34.030000;154;P3;LSA;P4;{"RID": "P4", "Port": 5004, "Neighbours": 2, "Neighbours Data": [{"NID": "P2", "Cost": 100, "Hostname": "127.0.0.1", "RP": "LupusreginaBeta", "FLAG": 0}, {"NID": "P3", "Cost": 100, "Hostname": "127.0.0.1", "RP": "Vulnerar", "FLAG": 0}], "SN": 2, "FLAG": 0, "RP": []}
2023-04-02 20:52:34.030000;154;P3;HB;P4;{"Message": "HB", "RID": "P4", "HBref": 1680461553806, "HBresp": 0}
2023-04-02 20:52:34.090000;154;P3;LSA;P1;{"RID": "P1", "Port": 5001, "Neighbours": 2, "Neighbours Data": [{"NID": "P2", "Cost": 269, "Hostname": "127.0.0.1", "RP": "sklep", "FLAG": 0}, {"NID": "P3", "Cost": 100, "Hostname": "127.0.0.1", "RP": "RMK", "FLAG": 0}], "SN": 3, "FLAG": 1, "RP": []}
2023-04-02 20:52:34.910000;155;P3;LOOKUP;P4;{"Message": "LOOKUP", "Destination": "P3", "Source": "P4", "TTL": 4, "ID": 1680461554824, "Route": [], "Path": ["P4", "P3"]}
2023-04-02 20:52:36.124000;156;P3;LOOKUP;P3;{"Message": "LOOKUP", "Destination": "P2", "Source": "P3", "TTL": 4, "ID": 1680461556121, "Route": ["P2"], "Path": ["P3"]}
2023-04-02 20:52:36.125000;156;P3;LOOKUP;P3;{"Message": "LOOKUP", "Destination": "P1", "Source": "P3", "TTL": 4, "ID": 1680461556123, "Route": [], "Path": ["P3"]}
2023-04-02 20:52:36.125000;156;P3;LOOKUP;P3;{"Message": "LOOKUP", "Destination": "P4", "Source": "P3", "TTL": 4, "ID": 1680461556124, "Route": [], "Path": ["P3"]}
2023-04-02 20:52:36.176000;156;P3;HB;P1;{"Message": "HB", "RID": "P1", "HBref": 1680461556076, "HBresp": 1680461556129}
2023-04-02 20:52:36.186000;156;P3;HB;P4;{"Message": "HB", "RID": "P4", "HBref": 1680461556076, "HBresp": 1680461556130}
2023-04-02 20:52:37.001000;157;P3;LSA;P2;{"RID": "P2", "Port": 5002, "Neighbours": 2, "Neighbours Data": [{"NID": "P1", "Cost": 190, "Hostname": "127.0.0.1", "RP": "sklep", "FLAG": 0}, {"NID": "P4", "Cost": 94, "Hostname": "127.0.0.1", "RP": "LupusreginaBeta", "FLAG": 0}], "SN": 4, "FLAG": 1, "RP": []}
2023-04-02 20:52:39.006000;159;P3;LSA;P2;{"RID": "P2", "Port": 5002, "Neighbours": 2, "Neighbours Data": [{"NID": "P1", "Cost": 190, "Hostname": "127.0.0.1", "RP": "sklep", "FLAG": 0}, {"NID": "P4", "Cost": 94, "Hostname": "127.0.0.1", "RP": "LupusreginaBeta", "FLAG": 0}], "SN": 4, "FLAG": 1, "RP": []}
2023-04-02 20:52:39.006000;159;P3;HB;P1;{"Message": "HB", "RID": "P1", "HBref": 1680461558065, "HBresp": 0}
2023-04-02 20:52:39.007000;159;P3;HB;P4;{"Message": "HB", "RID": "P4", "HBref": 1680461558813, "HBresp": 0}
2023-04-02 20:52:40.134000;160;P3;LOOKUP;P1;{"Message": "LOOKUP", "Destination": "P3", "Source": "P1", "TTL": 4, "ID": 1680461560082, "Route": [], "Path": ["P1", "P3"]}
2023-04-02 20:52:41.080000;161;P3;LOOKUP;P2;{"Message": "LOOKUP", "Destination": "P3", "Source": "P2", "TTL": 3, "ID": 1680461560992, "Route": [], "Path": ["P2", "P4", "P3"]}
2023-04-02 20:52:42.145000;162;P3;HB;P1;{"Message": "HB", "RID": "P1", "HBref": 1680461561083, "HBresp": 1680461562096}
2023-04-02 20:52:42.152000;162;P3;HB;P4;{"Message": "HB", "RID": "P4", "HBref": 1680461561083, "HBresp": 1680461562096}
2023-04-02 20:52:42.918000;163;P3;LOOKUP;P4;{"Message": "LOOKUP", "Destination": "P3", "Source": "P4", "TTL": 4, "ID": 1680461562835, "Route": [], "Path": ["P4", "P3"]}
2023-04-02 20:52:43.119000;163;P3;HB;P1;{"Message": "HB", "RID": "P1", "HBref": 1680461563071, "HBresp": 0}
2023-04-02 20:52:43.136000;163;P3;LOOKUP;P3;{"Message": "LOOKUP", "Destination": "P2", "Source": "P3", "TTL": 4, "ID": 1680461563133, "Route": ["P2"], "Path": ["P3"]}
2023-04-02 20:52:43.137000;163;P3;LOOKUP;P3;{"Message": "LOOKUP", "Destination": "P1", "Source": "P3", "TTL": 4, "ID": 1680461563135, "Route": [], "Path": ["P3"]}
2023-04-02 20:52:43.137000;163;P3;LOOKUP;P3;{"Message": "LOOKUP", "Destination": "P4", "Source": "P3", "TTL": 4, "ID": 1680461563136, "Route": [], "Path": ["P3"]}
2023-04-02 20:52:43.314000;163;P3;LOOKUP;P4;{"Message": "LOOKUP", "Destination": "P1", "Source": "P4", "TTL": 3, "ID": 1680461562836, "Route": [], "Path": ["P4", "P3"]}
2023-04-02 20:52:43.881000;164;P3;HB;P4;{"Message": "HB", "RID": "P4", "HBref": 1680461563822, "HBresp": 0}
2023-04-02 20:52:46.142000;166;P3;LOOKUP;P1;{"Message": "LOOKUP", "Destination": "P3", "Source": "P1", "TTL": 4, "ID": 1680461566091, "Route": [], "Path": ["P1", "P3"]}
2023-04-02 20:52:46.205000;166;P3;HB;P4;{"Message": "HB", "RID": "P4", "HBref": 1680461566088, "HBresp": 1680461566147}
2023-04-02 20:52:46.221000;166;P3;LOOKUP;P1;{"Message": "LOOKUP", "Destination": "P4", "Source": "P1", "TTL": 3, "ID": 1680461566093, "Route": [], "Path": ["P1", "P3"]}
2023-04-02 20:52:48.033000;168;P3;LSA;P1;{"RID": "P1", "Port": 5001, "Neighbours": 2, "Neighbours Data": [{"NID": "P2", "Cost": 269, "Hostname": "127.0.0.1", "RP": "sklep", "FLAG": 0}, {"NID": "P3", "Cost": 249, "Hostname": "127.0.0.1", "RP": "RMK", "FLAG": 0}], "SN": 4, "FLAG": 1, "RP": []}
2023-04-02 20:52:48.144000;168;P3;LOOKUP;P3;{"Message": "LOOKUP", "Destination": "P2", "Source": "P3", "TTL": 4, "ID": 1680461568144, "Route": ["P2"], "Path": ["P3"]}
2023-04-02 20:52:48.145000;168;P3;LOOKUP;P3;{"Message": "LOOKUP", "Destination": "P1", "Source": "P3", "TTL": 4, "ID": 1680461568144, "Route": [], "Path": ["P3"]}
2023-04-02 20:52:48.145000;168;P3;LOOKUP;P3;{"Message": "LOOKUP", "Destination": "P4", "Source": "P3", "TTL": 4, "ID": 1680461568145, "Route": [], "Path": ["P3"]}
2023-04-02 20:52:49.035000;169;P3;HB;P1;{"Message": "HB", "RID": "P1", "HBref": 1680461568078, "HBresp": 0}
2023-04-02 20:52:49.036000;169;P3;LSA;P4;{"RID": "P4", "Port": 5004, "Neighbours": 2, "Neighbours Data": [{"NID": "P2", "Cost": 168, "Hostname": "127.0.0.1", "RP": "LupusreginaBeta", "FLAG": 0}, {"NID": "P3", "Cost": 203, "Hostname": "127.0.0.1", "RP": "Vulnerar", "FLAG": 0}], "SN": 4, "FLAG": 1, "RP": []}
2023-04-02 20:52:50.043000;170;P3;HB;P4;{"Message": "HB", "RID": "P4", "HBref": 1680461568829, "HBresp": 0}
2023-04-02 20:52:50.043000;170;P3;LSA;P1;{"RID": "P1", "Port": 5001, "Neighbours": 2, "Neighbours Data": [{"NID": "P2", "Cost": 269, "Hostname": "127.0.0.1", "RP": "sklep", "FLAG": 0}, {"NID": "P3", "Cost": 249, "Hostname": "127.0.0.1", "RP": "RMK", "FLAG": 0}], "SN": 4, "FLAG": 1, "RP": []}
2023-04-02 20:52:50.106000;170;P3;LOOKUP;P2;{"Message": "LOOKUP", "Destination": "P3", "Source": "P2", "TTL": 3, "ID": 1680461569004, "Route": [], "Path": ["P2", "P4", "P3"]}
2023-04-02 20:52:50.173000;170;P3;LSA;P4;{"RID": "P4", "Port": 5004, "Neighbours": 2, "Neighbours Data": [{"NID": "P2", "Cost": 168, "Hostname": "127.0.0.1", "RP": "LupusreginaBeta", "FLAG": 0}, {"NID": "P3", "Cost": 203, "Hostname": "127.0.0.1", "RP": "Vulnerar", "FLAG": 0}], "SN": 4, "FLAG": 1, "RP": []}
2023-04-02 20:52:50.929000;171;P3;LOOKUP;P4;{"Message": "LOOKUP", "Destination": "P3", "Source": "P4", "TTL": 4, "ID": 1680461570846, "Route": [], "Path": ["P4", "P3"]}
2023-04-02 20:52:51.192000;171;P3;HB;P1;{"Message": "HB", "RID": "P1", "HBref": 1680461571094, "HBresp": 1680461571147}
2023-04-02 20:52:51.201000;171;P3;LOOKUP;P4;{"Message": "LOOKUP", "Destination": "P1", "Source": "P4", "TTL": 3, "ID": 1680461570847, "Route": [], "Path": ["P4", "P3"]}
2023-04-02 20:52:51.202000;171;P3;HB;P4;{"Message": "HB", "RID": "P4", "HBref": 1680461571094, "HBresp": 1680461571146}
2023-04-02 20:52:53.136000;173;P3;HB;P1;{"Message": "HB", "RID": "P1", "HBref": 1680461573084, "HBresp": 0}
2023-04-02 20:52:53.925000;174;P3;HB;P4;{"Message": "HB", "RID": "P4", "HBref": 1680461573837, "HBresp": 0}
2023-04-02 20:52:55.158000;175;P3;LOOKUP;P1;{"Message": "LOOKUP", "Destination": "P3", "Source": "P1", "TTL": 4, "ID": 1680461575103, "Route": [], "Path": ["P1", "P3"]}
2023-04-02 20:52:55.931000;176;P3;LOOKUP;P4;{"Message": "LOOKUP", "Destination": "P3", "Source": "P4", "TTL": 4, "ID": 1680461575852, "Route": [], "Path": ["P4", "P3"]}
2023-04-02 20:52:56.153000;176;P3;LOOKUP;P3;{"Message": "LOOKUP", "Destination": "P2", "Source": "P3", "TTL": 4, "ID": 1680461576153, "Route": ["P2"], "Path": ["P3"]}
2023-04-02 20:52:56.154000;176;P3;LOOKUP;P3;{"Message": "LOOKUP", "Destination": "P1", "Source": "P3", "TTL": 4, "ID": 1680461576153, "Route": [], "Path": ["P3"]}
2023-04-02 20:52:56.154000;176;P3;LOOKUP;P3;{"Message": "LOOKUP", "Destination": "P4", "Source": "P3", "TTL": 4, "ID": 1680461576154, "Route": [], "Path": ["P3"]}
2023-04-02 20:52:56.222000;176;P3;HB;P1;{"Message": "HB", "RID": "P1", "HBref": 1680461576101, "HBresp": 1680461576173}
2023-04-02 20:52:56.232000;176;P3;LOOKUP;P4;{"Message": "LOOKUP", "Destination": "P1", "Source": "P4", "TTL": 3, "ID": 1680461575852, "Route": [], "Path": ["P4", "P3"]}
2023-04-02 20:52:56.232000;176;P3;HB;P4;{"Message": "HB", "RID": "P4", "HBref": 1680461576101, "HBresp": 1680461576174}
2023-04-02 20:52:58.087000;178;P3;LOOKUP;P2;{"Message": "LOOKUP", "Destination": "P3", "Source": "P2", "TTL": 3, "ID": 1680461578007, "Route": [], "Path": ["P2", "P4", "P3"]}
2023-04-02 20:52:58.139000;178;P3;HB;P1;{"Message": "HB", "RID": "P1", "HBref": 1680461578091, "HBresp": 0}
2023-04-02 20:52:58.937000;179;P3;HB;P4;{"Message": "HB", "RID": "P4", "HBref": 1680461578844, "HBresp": 0}
2023-04-02 20:53:00.161000;180;P3;LOOKUP;P1;{"Message": "LOOKUP", "Destination": "P3", "Source": "P1", "TTL": 4, "ID": 1680461580111, "Route": [], "Path": ["P1", "P3"]}
2023-04-02 20:53:00.236000;180;P3;LOOKUP;P1;{"Message": "LOOKUP", "Destination": "P4", "Source": "P1", "TTL": 3, "ID": 1680461580113, "Route": [], "Path": ["P1", "P3"]}
2023-04-02 20:53:00.930000;181;P3;LOOKUP;P4;{"Message": "LOOKUP", "Destination": "P3", "Source": "P4", "TTL": 4, "ID": 1680461580860, "Route": [], "Path": ["P4", "P3"]}
2023-04-02 20:53:01.211000;181;P3;HB;P1;{"Message": "HB", "RID": "P1", "HBref": 1680461581109, "HBresp": 1680461581162}
2023-04-02 20:53:01.226000;181;P3;LOOKUP;P4;{"Message": "LOOKUP", "Destination": "P1", "Source": "P4", "TTL": 3, "ID": 1680461580861, "Route": [], "Path": ["P4", "P3"]}
2023-04-02 20:53:01.226000;181;P3;HB;P4;{"Message": "HB", "RID": "P4", "HBref": 1680461581109, "HBresp": 1680461581165}
2023-04-02 20:53:03.044000;183;P3;LSA;P1;{"RID": "P1", "Port": 5001, "Neighbours": 2, "Neighbours Data": [{"NID": "P2", "Cost": 269, "Hostname": "127.0.0.1", "RP": "sklep", "FLAG": 0}, {"NID": "P3", "Cost": 249, "Hostname": "127.0.0.1", "RP": "RMK", "FLAG": 0}], "SN": 4, "FLAG": 0, "RP": []}
2023-04-02 20:53:03.125000;183;P3;LOOKUP;P2;{"Message": "LOOKUP", "Destination": "P3", "Source": "P2", "TTL": 3, "ID": 1680461583015, "Route": [], "Path": ["P2", "P4", "P3"]}
2023-04-02 20:53:03.144000;183;P3;HB;P1;{"Message": "HB", "RID": "P1", "HBref": 1680461583100, "HBresp": 0}
2023-04-02 20:53:03.164000;183;P3;LOOKUP;P3;{"Message": "LOOKUP", "Destination": "P2", "Source": "P3", "TTL": 4, "ID": 1680461583162, "Route": ["P2"], "Path": ["P3"]}
2023-04-02 20:53:03.165000;183;P3;LOOKUP;P3;{"Message": "LOOKUP", "Destination": "P1", "Source": "P3", "TTL": 4, "ID": 1680461583163, "Route": [], "Path": ["P3"]}
2023-04-02 20:53:03.165000;183;P3;LOOKUP;P3;{"Message": "LOOKUP", "Destination": "P4", "Source": "P3", "TTL": 4, "ID": 1680461583165, "Route": [], "Path": ["P3"]}
2023-04-02 20:53:03.856000;184;P3;LSA;P4;{"RID": "P4", "Port": 5004, "Neighbours": 2, "Neighbours Data": [{"NID": "P2", "Cost": 168, "Hostname": "127.0.0.1", "RP": "LupusreginaBeta", "FLAG": 0}, {"NID": "P3", "Cost": 203, "Hostname": "127.0.0.1", "RP": "Vulnerar", "FLAG": 0}], "SN": 4, "FLAG": 0, "RP": []}
2023-04-02 20:53:03.936000;184;P3;HB;P4;{"Message": "HB", "RID": "P4", "HBref": 1680461583851, "HBresp": 0}
2023-04-02 20:53:05.947000;186;P3;LOOKUP;P4;{"Message": "LOOKUP", "Destination": "P3", "Source": "P4", "TTL": 4, "ID": 1680461585867, "Route": [], "Path": ["P4", "P3"]}
2023-04-02 20:53:06.213000;186;P3;HB;P1;{"Message": "HB", "RID": "P1", "HBref": 1680461586115, "HBresp": 1680461586167}
2023-04-02 20:53:06.226000;186;P3;LOOKUP;P4;{"Message": "LOOKUP", "Destination": "P1", "Source": "P4", "TTL": 3, "ID": 1680461585868, "Route": [], "Path": ["P4", "P3"]}
2023-04-02 20:53:06.226000;186;P3;HB;P4;{"Message": "HB", "RID": "P4", "HBref": 1680461586115, "HBresp": 1680461586168}
2023-04-02 20:53:08.159000;188;P3;HB;P1;{"Message": "HB", "RID": "P1", "HBref": 1680461588108, "HBresp": 0}
2023-04-02 20:53:08.206000;188;P3;LOOKUP;P1;{"Message": "LOOKUP", "Destination": "P3", "Source": "P1", "TTL": 4, "ID": 1680461588122, "Route": [], "Path": ["P1", "P3"]}
2023-04-02 20:53:08.943000;189;P3;HB;P4;{"Message": "HB", "RID": "P4", "HBref": 1680461588857, "HBresp": 0}
2023-04-02 20:53:11.112000;191;P3;LOOKUP;P2;{"Message": "LOOKUP", "Destination": "P3", "Source": "P2", "TTL": 3, "ID": 1680461591027, "Route": [], "Path": ["P2", "P4", "P3"]}
2023-04-02 20:53:11.215000;191;P3;HB;P1;{"Message": "HB", "RID": "P1", "HBref": 1680461591119, "HBresp": 1680461591169}
2023-04-02 20:53:11.239000;191;P3;HB;P4;{"Message": "HB", "RID": "P4", "HBref": 1680461591119, "HBresp": 1680461591184}
2023-04-02 20:53:13.169000;193;P3;LOOKUP;P3;{"Message": "LOOKUP", "Destination": "P2", "Source": "P3", "TTL": 4, "ID": 1680461593167, "Route": ["P2"], "Path": ["P3"]}
2023-04-02 20:53:13.171000;193;P3;HB;P1;{"Message": "HB", "RID": "P1", "HBref": 1680461593114, "HBresp": 0}
2023-04-02 20:53:13.173000;193;P3;LOOKUP;P3;{"Message": "LOOKUP", "Destination": "P1", "Source": "P3", "TTL": 4, "ID": 1680461593168, "Route": [], "Path": ["P3"]}
2023-04-02 20:53:13.173000;193;P3;LOOKUP;P3;{"Message": "LOOKUP", "Destination": "P4", "Source": "P3", "TTL": 4, "ID": 1680461593172, "Route": [], "Path": ["P3"]}
2023-04-02 20:53:13.949000;194;P3;HB;P4;{"Message": "HB", "RID": "P4", "HBref": 1680461593863, "HBresp": 0}
2023-04-02 20:53:13.997000;194;P3;LOOKUP;P4;{"Message": "LOOKUP", "Destination": "P3", "Source": "P4", "TTL": 4, "ID": 1680461593878, "Route": [], "Path": ["P4", "P3"]}
2023-04-02 20:53:16.177000;196;P3;LOOKUP;P1;{"Message": "LOOKUP", "Destination": "P3", "Source": "P1", "TTL": 4, "ID": 1680461596127, "Route": [], "Path": ["P1", "P3"]}
2023-04-02 20:53:16.238000;196;P3;LOOKUP;P4;{"Message": "LOOKUP", "Destination": "P1", "Source": "P4", "TTL": 4, "ID": 1680461593879, "Route": ["P1"], "Path": ["P4", "P3"]}
2023-04-02 20:53:16.239000;196;P3;HB;P4;{"Message": "HB", "RID": "P4", "HBref": 1680461596123, "HBresp": 1680461596181}
2023-04-02 20:53:16.250000;196;P3;HB;P1;{"Message": "HB", "RID": "P1", "HBref": 1680461596123, "HBresp": 1680461596179}
2023-04-02 20:53:18.051000;198;P3;LSA;P1;{"RID": "P1", "Port": 5001, "Neighbours": 2, "Neighbours Data": [{"NID": "P2", "Cost": 269, "Hostname": "127.0.0.1", "RP": "sklep", "FLAG": 0}, {"NID": "P3", "Cost": 249, "Hostname": "127.0.0.1", "RP": "RMK", "FLAG": 0}], "SN": 4, "FLAG": 0, "RP": []}
2023-04-02 20:53:18.167000;198;P3;HB;P1;{"Message": "HB", "RID": "P1", "HBref": 1680461598120, "HBresp": 0}
2023-04-02 20:53:18.180000;198;P3;LOOKUP;P3;{"Message": "LOOKUP", "Destination": "P2", "Source": "P3", "TTL": 4, "ID": 1680461598178, "Route": ["P2"], "Path": ["P3"]}
2023-04-02 20:53:18.181000;198;P3;LOOKUP;P3;{"Message": "LOOKUP", "Destination": "P1", "Source": "P3", "TTL": 4, "ID": 1680461598179, "Route": [], "Path": ["P3"]}
2023-04-02 20:53:18.181000;198;P3;LOOKUP;P3;{"Message": "LOOKUP", "Destination": "P4", "Source": "P3", "TTL": 4, "ID": 1680461598180, "Route": [], "Path": ["P3"]}
2023-04-02 20:53:18.886000;199;P3;LSA;P4;{"RID": "P4", "Port": 5004, "Neighbours": 2, "Neighbours Data": [{"NID": "P2", "Cost": 168, "Hostname": "127.0.0.1", "RP": "LupusreginaBeta", "FLAG": 0}, {"NID": "P3", "Cost": 203, "Hostname": "127.0.0.1", "RP": "Vulnerar", "FLAG": 0}], "SN": 4, "FLAG": 0, "RP": []}
2023-04-02 20:53:18.949000;199;P3;HB;P4;{"Message": "HB", "RID": "P4", "HBref": 1680461598870, "HBresp": 0}
2023-04-02 20:53:19.117000;199;P3;LOOKUP;P2;{"Message": "LOOKUP", "Destination": "P3", "Source": "P2", "TTL": 3, "ID": 1680461599037, "Route": [], "Path": ["P2", "P4", "P3"]}
2023-04-02 20:53:21.234000;201;P3;HB;P1;{"Message": "HB", "RID": "P1", "HBref": 1680461601130, "HBresp": 1680461601188}
2023-04-02 20:53:21.246000;201;P3;HB;P4;{"Message": "HB", "RID": "P4", "HBref": 1680461601130, "HBresp": 1680461601189}
2023-04-02 20:53:21.957000;202;P3;LOOKUP;P4;{"Message": "LOOKUP", "Destination": "P3", "Source": "P4", "TTL": 4, "ID": 1680461601885, "Route": [], "Path": ["P4", "P3"]}
2023-04-02 20:53:23.177000;203;P3;HB;P1;{"Message": "HB", "RID": "P1", "HBref": 1680461603129, "HBresp": 0}
2023-04-02 20:53:23.953000;204;P3;LOOKUP;P4;{"Message": "LOOKUP", "Destination": "P1", "Source": "P4", "TTL": 4, "ID": 1680461601886, "Route": ["P1"], "Path": ["P4", "P3"]}
2023-04-02 20:53:23.954000;204;P3;HB;P4;{"Message": "HB", "RID": "P4", "HBref": 1680461603876, "HBresp": 0}
2023-04-02 20:53:25.194000;205;P3;LOOKUP;P1;{"Message": "LOOKUP", "Destination": "P3", "Source": "P1", "TTL": 4, "ID": 1680461605140, "Route": [], "Path": ["P1", "P3"]}
2023-04-02 20:53:26.235000;206;P3;HB;P1;{"Message": "HB", "RID": "P1", "HBref": 1680461606137, "HBresp": 1680461606187}
2023-04-02 20:53:26.250000;206;P3;HB;P4;{"Message": "HB", "RID": "P4", "HBref": 1680461606137, "HBresp": 1680461606195}
2023-04-02 20:53:27.134000;207;P3;LOOKUP;P2;{"Message": "LOOKUP", "Destination": "P3", "Source": "P2", "TTL": 3, "ID": 1680461607048, "Route": [], "Path": ["P2", "P4", "P3"]}
2023-04-02 20:53:27.184000;207;P3;LOOKUP;P3;{"Message": "LOOKUP", "Destination": "P2", "Source": "P3", "TTL": 4, "ID": 1680461607183, "Route": ["P2"], "Path": ["P3"]}
2023-04-02 20:53:27.185000;207;P3;LOOKUP;P3;{"Message": "LOOKUP", "Destination": "P1", "Source": "P3", "TTL": 4, "ID": 1680461607184, "Route": [], "Path": ["P3"]}
2023-04-02 20:53:27.185000;207;P3;LOOKUP;P3;{"Message": "LOOKUP", "Destination": "P4", "Source": "P3", "TTL": 4, "ID": 1680461607184, "Route": [], "Path": ["P3"]}
2023-04-02 20:53:28.189000;208;P3;HB;P1;{"Message": "HB", "RID": "P1", "HBref": 1680461608136, "HBresp": 0}
2023-04-02 20:53:28.967000;209;P3;HB;P4;{"Message": "HB", "RID": "P4", "HBref": 1680461608879, "HBresp": 0}
2023-04-02 20:53:29.970000;210;P3;LOOKUP;P4;{"Message": "LOOKUP", "Destination": "P3", "Source": "P4", "TTL": 4, "ID": 1680461609896, "Route": [], "Path": ["P4", "P3"]}
2023-04-02 20:53:30.200000;210;P3;LOOKUP;P1;{"Message": "LOOKUP", "Destination": "P3", "Source": "P1", "TTL": 4, "ID": 1680461610148, "Route": [], "Path": ["P1", "P3"]}
2023-04-02 20:53:31.267000;211;P3;HB;P1;{"Message": "HB", "RID": "P1", "HBref": 1680461611149, "HBresp": 1680461611212}
2023-04-02 20:53:31.285000;211;P3;LOOKUP;P4;{"Message": "LOOKUP", "Destination": "P1", "Source": "P4", "TTL": 3, "ID": 1680461609897, "Route": [], "Path": ["P4", "P3"]}
2023-04-02 20:53:31.286000;211;P3;HB;P4;{"Message": "HB", "RID": "P4", "HBref": 1680461611149, "HBresp": 1680461611213}
2023-04-02 20:53:33.065000;213;P3;LSA;P1;{"RID": "P1", "Port": 5001, "Neighbours": 2, "Neighbours Data": [{"NID": "P2", "Cost": 269, "Hostname": "127.0.0.1", "RP": "sklep", "FLAG": 0}, {"NID": "P3", "Cost": 249, "Hostname": "127.0.0.1", "RP": "RMK", "FLAG": 0}], "SN": 4, "FLAG": 0, "RP": []}
2023-04-02 20:53:33.186000;213;P3;HB;P1;{"Message": "HB", "RID": "P1", "HBref": 1680461613142, "HBresp": 0}
2023-04-02 20:53:33.898000;214;P3;LSA;P4;{"RID": "P4", "Port": 5004, "Neighbours": 2, "Neighbours Data": [{"NID": "P2", "Cost": 168, "Hostname": "127.0.0.1", "RP": "LupusreginaBeta", "FLAG": 0}, {"NID": "P3", "Cost": 203, "Hostname": "127.0.0.1", "RP": "Vulnerar", "FLAG": 0}], "SN": 4, "FLAG": 0, "RP": []}
2023-04-02 20:53:33.966000;214;P3;HB;P4;{"Message": "HB", "RID": "P4", "HBref": 1680461613885, "HBresp": 0}
2023-04-02 20:53:34.194000;214;P3;LOOKUP;P3;{"Message": "LOOKUP", "Destination": "P2", "Source": "P3", "TTL": 4, "ID": 1680461614193, "Route": ["P2"], "Path": ["P3"]}
2023-04-02 20:53:34.194000;214;P3;LOOKUP;P3;{"Message": "LOOKUP", "Destination": "P1", "Source": "P3", "TTL": 4, "ID": 1680461614194, "Route": [], "Path": ["P3"]}
2023-04-02 20:53:34.194000;214;P3;LOOKUP;P3;{"Message": "LOOKUP", "Destination": "P4", "Source": "P3", "TTL": 4, "ID": 1680461614194, "Route": [], "Path": ["P3"]}
2023-04-02 20:53:35.209000;215;P3;LOOKUP;P1;{"Message": "LOOKUP", "Destination": "P3", "Source": "P1", "TTL": 4, "ID": 1680461615157, "Route": [], "Path": ["P1", "P3"]}
2023-04-02 20:53:36.253000;216;P3;HB;P1;{"Message": "HB", "RID": "P1", "HBref": 1680461616151, "HBresp": 1680461616207}
2023-04-02 20:53:36.262000;216;P3;HB;P4;{"Message": "HB", "RID": "P4", "HBref": 1680461616151, "HBresp": 1680461616208}
2023-04-02 20:53:36.992000;217;P3;LOOKUP;P4;{"Message": "LOOKUP", "Destination": "P3", "Source": "P4", "TTL": 4, "ID": 1680461616904, "Route": [], "Path": ["P4", "P3"]}
2023-04-02 20:53:37.146000;217;P3;LOOKUP;P4;{"Message": "LOOKUP", "Destination": "P1", "Source": "P4", "TTL": 3, "ID": 1680461616904, "Route": [], "Path": ["P4", "P3"]}
2023-04-02 20:53:37.147000;217;P3;LOOKUP;P2;{"Message": "LOOKUP", "Destination": "P3", "Source": "P2", "TTL": 3, "ID": 1680461617062, "Route": [], "Path": ["P2", "P4", "P3"]}
2023-04-02 20:53:38.204000;218;P3;HB;P1;{"Message": "HB", "RID": "P1", "HBref": 1680461618149, "HBresp": 0}
2023-04-02 20:53:38.985000;219;P3;HB;P4;{"Message": "HB", "RID": "P4", "HBref": 1680461618889, "HBresp": 0}
2023-04-02 20:53:41.216000;221;P3;LOOKUP;P1;{"Message": "LOOKUP", "Destination": "P3", "Source": "P1", "TTL": 4, "ID": 1680461621168, "Route": [], "Path": ["P1", "P3"]}
2023-04-02 20:53:41.269000;221;P3;HB;P4;{"Message": "HB", "RID": "P4", "HBref": 1680461621158, "HBresp": 1680461621209}
2023-04-02 20:53:41.297000;221;P3;LOOKUP;P1;{"Message": "LOOKUP", "Destination": "P4", "Source": "P1", "TTL": 3, "ID": 1680461621174, "Route": [], "Path": ["P1", "P3"]}
2023-04-02 20:53:43.206000;223;P3;LOOKUP;P3;{"Message": "LOOKUP", "Destination": "P2", "Source": "P3", "TTL": 4, "ID": 1680461623204, "Route": ["P2"], "Path": ["P3"]}
2023-04-02 20:53:43.206000;223;P3;LOOKUP;P3;{"Message": "LOOKUP", "Destination": "P1", "Source": "P3", "TTL": 4, "ID": 1680461623205, "Route": [], "Path": ["P3"]}
2023-04-02 20:53:43.206000;223;P3;LOOKUP;P3;{"Message": "LOOKUP", "Destination": "P4", "Source": "P3", "TTL": 4, "ID": 1680461623205, "Route": [], "Path": ["P3"]}
2023-04-02 20:53:43.213000;223;P3;HB;P1;{"Message": "HB", "RID": "P1", "HBref": 1680461623157, "HBresp": 0}
2023-04-02 20:53:43.976000;224;P3;HB;P4;{"Message": "HB", "RID": "P4", "HBref": 1680461623897, "HBresp": 0}
2023-04-02 20:53:44.024000;224;P3;LOOKUP;P4;{"Message": "LOOKUP", "Destination": "P3", "Source": "P4", "TTL": 4, "ID": 1680461623914, "Route": [], "Path": ["P4", "P3"]}
2023-04-02 20:53:44.153000;224;P3;LOOKUP;P4;{"Message": "LOOKUP", "Destination": "P1", "Source": "P4", "TTL": 3, "ID": 1680461623915, "Route": [], "Path": ["P4", "P3"]}
2023-04-02 20:53:44.154000;224;P3;LOOKUP;P2;{"Message": "LOOKUP", "Destination": "P3", "Source": "P2", "TTL": 3, "ID": 1680461624073, "Route": [], "Path": ["P2", "P4", "P3"]}
2023-04-02 20:53:46.272000;226;P3;HB;P1;{"Message": "HB", "RID": "P1", "HBref": 1680461626165, "HBresp": 1680461626226}
2023-04-02 20:53:46.329000;227;P3;HB;P4;{"Message": "HB", "RID": "P4", "HBref": 1680461626165, "HBresp": 1680461626226}
2023-04-02 20:53:47.225000;227;P3;LOOKUP;P1;{"Message": "LOOKUP", "Destination": "P3", "Source": "P1", "TTL": 4, "ID": 1680461627181, "Route": [], "Path": ["P1", "P3"]}
2023-04-02 20:53:47.276000;227;P3;LOOKUP;P1;{"Message": "LOOKUP", "Destination": "P4", "Source": "P1", "TTL": 4, "ID": 1680461627183, "Route": ["P4"], "Path": ["P1", "P3"]}
2023-04-02 20:53:48.081000;228;P3;LSA;P1;{"RID": "P1", "Port": 5001, "Neighbours": 2, "Neighbours Data": [{"NID": "P2", "Cost": 269, "Hostname": "127.0.0.1", "RP": "sklep", "FLAG": 0}, {"NID": "P3", "Cost": 249, "Hostname": "127.0.0.1", "RP": "RMK", "FLAG": 0}], "SN": 4, "FLAG": 0, "RP": []}
2023-04-02 20:53:48.216000;228;P3;HB;P1;{"Message": "HB", "RID": "P1", "HBref": 1680461628165, "HBresp": 0}
